timestamp,user_name,user_id,question_id,exam_type,exam_year,question_number,error_description
2025-02-08 09:45:04,weslee.,650910100965294097,1201213,Local,2012,13,"nothing, im just testing this form."
2025-02-08 09:55:42,weslee.,650910100965294097,,Unknown,Unknown,27,testing
2025-02-08 09:55:58,weslee.,650910100965294097,2201933,National,2019,33,testing 2
2025-02-08 09:56:31,weslee.,650910100965294097,2202246,National,2022,46,testing 3
2025-02-08 23:26:50,weslee.,650910100965294097,1200424,Local,2004,24,Testing testing
2025-02-08 23:26:55,weslee.,650910100965294097,1200424,Local,2004,24,Testing testing
2025-02-08 23:27:42,weslee.,650910100965294097,1201826,Local,2018,26,repot
2025-02-08 23:27:52,weslee.,650910100965294097,1201826,Local,2018,26,report
2025-02-08 23:28:47,weslee.,650910100965294097,1201910,Local,2019,10,repot
2025-02-08 23:29:04,weslee.,650910100965294097,1200123,Local,2001,23,report
2025-02-08 23:35:55,weslee.,650910100965294097,1201135,Local,2011,35,aiuysghd
2025-02-08 23:40:55,weslee.,650910100965294097,120211,Local,2021,1,hi
2025-02-08 23:41:10,weslee.,650910100965294097,120211,Local,2021,1,hi
2025-02-08 23:42:27,weslee.,650910100965294097,1201939,Local,2019,39,report
2025-02-08 23:46:00,weslee.,650910100965294097,1201550,Local,2015,50,report
2025-02-08 23:49:03,weslee.,650910100965294097,1202260,Local,2022,60,report
2025-02-08 23:50:28,weslee.,650910100965294097,1200658,Local,2006,58,report
2025-02-08 23:51:34,weslee.,650910100965294097,1200360,Local,2003,60,report
2025-02-08 23:53:12,weslee.,650910100965294097,1201840,Local,2018,40,report
2025-02-09 00:01:02,weslee.,650910100965294097,1200621,Local,2006,21,report 1
2025-02-09 00:05:50,weslee.,650910100965294097,2201925,National,2019,25,Example Error Report
